{
    "logistic": {
        "accuracy": 0.6892138939670932,
        "f1": 0.702276707530648,
        "roc_auc": 0.7636023016191623,
        "cv_f1_mean": 0.7043614168479564
    },
    "svm": {
        "accuracy": 0.6946983546617916,
        "f1": 0.7105719237435009,
        "roc_auc": 0.7620065569383112,
        "cv_f1_mean": 0.7006579552729401
    }
}